ModuleCode,Age,Average
VIS3108,18,51.51515152
VIS3108,19,54.86111111
VIS3108,20,43.03030303
VIS3108,21,50.73891626
VIS3108,22,50
VIS3108,27,65.51724138
VIS3108,31,96.55172414
VIS3108,32,48.27586207
VIS3108,33,89.65517241
VIS3108,36,65.51724138
VIS3108,39,89.65517241
VIS3108,43,50
VIS3108,45,32.14285714
VIS3108,52,37.93103448
VIS3108,53,62.06896552
VIS3108,62,65.51724138
VIS3108,63,41.37931034
VIS3108,67,34.48275862
VIS3108,68,34.48275862
VIS3102,19,20
VIS3102,21,50
VIS3102,67,0
VIS3102,18,37.5
VIS3102,45,0
VIS3102,52,0
VIS3102,43,100
VIS3102,63,100
VIS3102,22,62.5
VIS3102,39,100
VIS3102,68,0
VIS3102,20,60
VIS3102,32,0
VIS3102,36,100
VIS3102,33,100
VIS3102,62,0
VIS3102,53,100
VIS3102,27,100
VIS3102,31,100
VIS3109,19,59.47368421
VIS3109,67,36.84210526
VIS3109,21,53.78787879
VIS3109,18,55.92105263
VIS3109,45,47.36842105
VIS3109,52,84.21052632
VIS3109,43,52.63157895
VIS3109,20,62.24489796
VIS3109,63,38.88888889
VIS3109,22,51.31578947
VIS3109,39,85.71428571
VIS3109,68,52.63157895
VIS3109,32,47.36842105
VIS3109,36,63.15789474
VIS3109,33,77.77777778
VIS3109,62,78.94736842
VIS3109,53,78.94736842
VIS3109,27,57.89473684
VIS3109,31,100
GAV3020,22,60.10869565
GAV3020,59,64.28571429
GAV3020,65,71.42857143
GAV3020,21,62.65060241
GAV3020,18,71.12359551
GAV3020,20,65.51724138
GAV3020,33,55.35714286
GAV3020,57,100
GAV3020,46,65.06024096
GAV3020,19,63.39449541
GAV3020,47,34.52380952
GAV3020,43,40.96385542
GAV3020,67,59.03614458
GAV3020,25,35.71428571
GAV3020,29,63.85542169
GAV3020,40,78.57142857
GAV3020,55,33.33333333
GAV3020,49,78.57142857
GAV3020,60,94.64285714
GAV3020,23,53.57142857
GAV3020,50,80.35714286
GAV3020,27,41.07142857
GAV3020,39,28.57142857
GAV3020,66,60
GAV3020,31,96.42857143
GAV3020,38,82.14285714
GAV3020,44,66.07142857
GAV3020,58,25.92592593
GAV3020,42,48.80952381
GAV3020,30,92.85714286
GAV3020,51,96.42857143
GAV3020,32,35.71428571
GAV3020,61,73.21428571
GAV3020,52,53.57142857
GAV3020,45,67.27272727
GAV3020,69,89.28571429
GAV3020,35,82.14285714
GAV3020,63,50
GAV3020,36,74.07407407
GAV3009,22,55.59322034
GAV3009,59,37.73584906
GAV3009,65,60.71428571
GAV3009,21,54.79452055
GAV3009,18,58.02292264
GAV3009,33,58.77862595
GAV3009,46,22.78481013
GAV3009,20,50.98039216
GAV3009,47,34.61538462
GAV3009,67,47.27272727
GAV3009,19,55.56946183
GAV3009,25,29.62962963
GAV3009,29,32.0754717
GAV3009,40,71.2962963
GAV3009,49,70.37037037
GAV3009,60,68.51851852
GAV3009,23,53.57142857
GAV3009,50,76.36363636
GAV3009,43,33.96226415
GAV3009,27,50.98039216
GAV3009,39,53.84615385
GAV3009,66,50.94339623
GAV3009,31,48.14814815
GAV3009,38,44
GAV3009,44,62.5
GAV3009,58,21.42857143
GAV3009,42,35.80246914
GAV3009,30,69.23076923
GAV3009,51,96.42857143
GAV3009,32,55.55555556
GAV3009,61,58.49056604
GAV3009,52,32.14285714
GAV3009,45,62.96296296
GAV3009,69,57.69230769
GAV3009,35,80.76923077
GAV3009,36,88.46153846
VIS3104,22,53.09278351
VIS3104,21,49.43820225
VIS3104,18,67.35751295
VIS3104,20,60.90909091
VIS3104,33,68
VIS3104,47,16.32653061
VIS3104,67,88
VIS3104,19,61.91860465
VIS3104,58,0
VIS3104,49,75
VIS3104,43,25
VIS3104,27,24
VIS3104,31,56
VIS3104,38,60
VIS3104,46,8.695652174
VIS3104,35,88.46153846
VIS3104,50,84.61538462
VIS3104,44,26.92307692
DES4032,48,62.5
DES4032,61,20.83333333
DES4032,19,91.66666667
DES4032,18,33.33333333
DES4032,22,62.5
DES4032,65,75
DES4032,51,100
DES4032,20,100
DES4032,58,62.5
DES3095,34,100
DES3095,18,70
DES3095,21,93.02325581
DES3095,20,86.84210526
DES3095,19,65.93406593
DES3095,33,95.65217391
DES3095,37,91.66666667
DES3095,55,86.95652174
DES3095,56,60.86956522
DES3095,42,91.30434783
DES3096,34,64
DES3096,18,70.87378641
DES3096,21,77.35849057
DES3096,19,67.96116505
DES3096,20,86.40776699
DES3096,33,100
DES3096,37,69.23076923
DES3096,55,96.15384615
DES3096,56,38.46153846
DES3096,42,80.76923077
COM3051,21,56.25
COM3051,56,100
COM3051,42,50
COM3051,44,0
COM3051,50,66.66666667
COM3051,66,0
COM3051,60,33.33333333
COM3051,20,81.25
COM3051,19,66.66666667
COM3051,43,50
COM3051,54,100
COM3051,18,64
COM3051,57,66.66666667
COM3051,69,100
COM3051,59,66.66666667
COM3051,64,100
COM3051,22,80
COM3051,23,100
COM3051,46,100
COM3051,68,50
COM3051,65,50
COM3051,55,50
COM3051,67,100
COM3051,58,100
COM3051,63,100
COM3051,34,0
COM3051,45,50
COM3051,31,0
COM3051,29,100
COM3051,53,50
COM3051,28,0
COM3051,33,100
COM3051,40,50
COM3051,52,100
COM3051,61,100
COM3051,62,100
COM3051,47,100
CAM1001,19,62.71186441
CAM1001,22,81.94444444
CAM1001,20,41.66666667
CAM1001,68,72.91666667
CAM1001,21,87.5
CAM1001,57,87.5
CAM1001,45,100
CAM1001,18,83.33333333
CAM1001,61,62.5
CAM1002,19,59.66386555
CAM1002,22,76.38888889
CAM1002,20,25
CAM1002,68,81.25
CAM1002,21,87.5
CAM1002,57,87.5
CAM1002,45,100
CAM1002,18,87.5
CAM1002,61,75
CAM1000,19,60.68376068
CAM1000,22,79.16666667
CAM1000,20,25
CAM1000,68,68.75
CAM1000,21,93.75
CAM1000,57,70.83333333
CAM1000,45,100
CAM1000,18,83.33333333
CAM1000,61,58.33333333
COM3037,56,80
COM3037,21,52
COM3037,42,35.71428571
COM3037,44,20
COM3037,50,49.05660377
COM3037,66,17.14285714
COM3037,19,49.52380952
COM3037,18,49.61038961
COM3037,69,14.28571429
COM3037,59,51.42857143
COM3037,64,28.57142857
COM3037,22,50.11990408
COM3037,23,48.57142857
COM3037,20,52.53164557
COM3037,60,88.57142857
COM3037,46,38.57142857
COM3037,68,22.85714286
COM3037,65,59.375
COM3037,58,42.25352113
COM3037,63,59.45945946
COM3037,34,27.77777778
COM3037,40,40
COM3037,61,68.57142857
COM3037,47,14.28571429
COM3037,67,45.71428571
COM3037,55,31.42857143
COM3041,56,83.33333333
COM3041,21,64.7260274
COM3041,42,27.77777778
COM3041,44,25
COM3041,50,56.94444444
COM3041,19,58.7962963
COM3041,69,36.11111111
COM3041,59,61.11111111
COM3041,64,38.88888889
COM3041,22,53.96419437
COM3041,23,63.88888889
COM3041,20,68.75
COM3041,46,56.94444444
COM3041,68,30.55555556
COM3041,65,64.51612903
COM3041,18,53.24074074
COM3041,58,48.61111111
COM3041,34,19.44444444
COM3041,40,72.22222222
COM3041,52,100
COM3041,61,88.88888889
COM3041,47,30.55555556
COM3041,55,44.44444444
COM3036,56,77.77777778
COM3036,42,38.88888889
COM3036,19,65.87301587
COM3036,69,44.44444444
COM3036,59,69.44444444
COM3036,21,74.44444444
COM3036,22,65.83333333
COM3036,23,58.33333333
COM3036,20,82.14285714
COM3036,46,68.05555556
COM3036,68,58.33333333
COM3036,65,74.19354839
COM3036,18,60.30150754
COM3036,58,58.33333333
COM3036,34,36.11111111
COM3036,40,83.33333333
COM3036,61,66.66666667
COM3036,47,25
COM3036,55,47.22222222
COM3036,50,83.33333333
GAV4018,19,80.36809816
GAV4018,18,69.23076923
GAV4018,21,61.46788991
GAV4018,65,88.88888889
GAV4018,61,66.66666667
GAV4018,20,67.03296703
GAV4018,69,44.44444444
GAV4018,48,59.25925926
GAV4018,29,75
GAV4018,28,65.2173913
GAV4018,51,53.06122449
GAV4018,22,88.99082569
GAV4018,49,92.59259259
GAV4018,32,66.66666667
GAV4018,64,77.77777778
GAV4018,62,50
GAV4018,66,80.24691358
GAV4018,25,92.59259259
GAV4018,58,77.77777778
GAV4018,46,71.42857143
GAV4018,30,95.83333333
GAV4017,19,54.29234339
GAV4017,43,65.2173913
GAV4017,18,41.26984127
GAV4017,53,85.91549296
GAV4017,21,52.30202578
GAV4017,22,58.99053628
GAV4017,65,59.09090909
GAV4017,20,47.11111111
GAV4017,57,54.54545455
GAV4017,61,40.90909091
GAV4017,66,54.54545455
GAV4017,36,53.84615385
GAV4017,54,28.88888889
GAV4017,51,32.35294118
GAV4017,69,46.73913043
GAV4017,63,31.81818182
GAV4017,45,60.86956522
GAV4017,68,0
GAV4017,48,13.63636364
GAV4017,67,4.545454545
GAV4017,64,42.85714286
GAV4017,27,9.090909091
GAV4017,33,56.52173913
GAV4017,59,79.16666667
GAV4017,29,58.33333333
GAV4017,42,59.09090909
GAV4017,58,73.91304348
GAV4017,28,43.47826087
GAV4017,62,56.52173913
GAV4017,49,82.35294118
GAV4017,55,87.5
GAV4017,32,45.83333333
GAV4017,25,18.18181818
GAV4017,50,31.81818182
GAV4017,46,79.16666667
GAV4017,41,13.63636364
GAV4017,30,90.90909091
GAV4028,19,70.98765432
GAV4028,18,63.15789474
GAV4028,21,53.02325581
GAV4028,65,70.37037037
GAV4028,61,55.55555556
GAV4028,20,58.5106383
GAV4028,69,44.44444444
GAV4028,48,33.33333333
GAV4028,29,51.85185185
GAV4028,28,50
GAV4028,51,43.39622642
GAV4028,22,83.33333333
GAV4028,49,92.59259259
GAV4028,32,51.85185185
GAV4028,64,70.37037037
GAV4028,62,44.44444444
GAV4028,66,75.30864198
GAV4028,25,55.55555556
GAV4028,58,74.07407407
GAV4028,46,70.37037037
GAV4028,30,100
MED3055,18,73.52941176
MED3055,22,76
MED3055,19,50
MED3055,20,81.90954774
MED3055,21,85.27131783
MED3055,45,84
MED3055,50,60
MED3055,65,40
MED3055,57,84
MED3055,58,60
MED3030,18,66.66666667
MED3030,22,82.29166667
MED3030,19,49.46236559
MED3030,20,65.27777778
MED3030,21,75.52083333
MED3030,45,70.83333333
MED3030,50,54.16666667
MED3030,40,79.16666667
MED3030,65,10
MED3030,68,62.5
MED3030,57,66.66666667
MED3030,58,50
MED3030,43,70.83333333
MED3030,29,75
MPR3002,18,80.28169014
MPR3002,19,31.81818182
MPR3002,20,77.14285714
MPR3002,21,73.91304348
MPR3002,50,65.2173913
MPR3002,57,50
MPR3002,58,0
MPR3002,22,100
MPR3002,43,78.26086957
MPR3002,29,73.91304348
MED0008,18,10
MED0008,19,34.93975904
MED0008,36,30
MED0008,20,46.42857143
MED0008,21,47.91666667
MED0008,45,50
MED0008,22,53.125
MED0008,50,0
MED0008,57,0
MED0008,58,0
MED0008,40,100
MED0008,49,5.263157895
MED0008,66,90
MED0008,32,55
MED0008,46,100
MED0008,51,10.52631579
MED0008,29,70
COM3038,21,24
COM3038,19,77.41935484
COM3038,43,48
COM3038,54,76
COM3038,18,69.73180077
COM3038,60,66
COM3038,20,66.66666667
COM3038,22,72.84768212
COM3038,42,44
COM3038,63,72
COM3038,45,60
COM3038,31,40
COM3038,53,70
COM3038,52,84
COM3038,62,76
COM3038,61,52
COM3038,57,48
COM3038,67,48
COM3038,50,28
MUL3055,21,46.71532847
MUL3055,66,26.08695652
MUL3055,43,21.73913043
MUL3055,19,43.47826087
MUL3055,20,78.26086957
MUL3055,59,65.2173913
MUL3055,63,39.13043478
MUL3055,18,73.91304348
CIS0002,63,21.42857143
CIS0002,54,60
CIS0002,20,29.95951417
CIS0002,22,35
CIS0002,65,3.448275862
CIS0002,19,58
CIS0002,21,37.59398496
CIS0002,46,5.555555556
CIS0002,43,61.76470588
CIS0002,61,39.47368421
CIS0002,25,72.4137931
CIS0002,18,43.92857143
CIS0002,64,66.66666667
CIS0002,47,68.42105263
CIS0002,66,40.47619048
CIS0002,49,74.07407407
CIS0003,63,25
CIS0003,54,87.5
CIS0003,20,38.58695652
CIS0003,22,60.83333333
CIS0003,34,41.66666667
CIS0003,65,12.5
CIS0003,19,58.33333333
CIS0003,21,30.50847458
CIS0003,46,0
CIS0003,41,0
CIS0003,43,68.75
CIS0003,61,43.05555556
CIS0003,25,95.83333333
CIS0003,18,51.59574468
CIS0003,64,77.27272727
CIS0003,47,79.16666667
CIS0003,66,41.66666667
CIS0003,59,100
CIS0003,49,63.63636364
CIS0005,63,20
CIS0005,54,72.72727273
CIS0005,20,35.06493506
CIS0005,22,50.75757576
CIS0005,19,56.12244898
CIS0005,21,44.30379747
CIS0005,46,5
CIS0005,43,79.48717949
CIS0005,61,40.6779661
CIS0005,50,55
CIS0005,25,100
CIS0005,18,52.63157895
CIS0005,64,73.68421053
CIS0005,53,40
CIS0005,47,85
CIS0005,66,36.66666667
CIS0005,59,80
CIS0005,49,72.22222222
CIS0005,69,5.882352941
CIS4040,48,0
CIS4040,58,50
CIS4040,18,100
CIS4040,50,100
CIS4040,20,66.66666667
CIS4040,21,95.83333333
CIS4040,57,79.16666667
CIS4040,19,87.5
CIS4037,48,0
CIS4037,58,100
CIS4037,18,95.83333333
CIS4037,50,100
CIS4037,20,66.66666667
CIS4037,21,89.58333333
CIS4037,22,75
CIS4037,61,83.33333333
CIS4037,57,83.33333333
CIS4037,45,95.83333333
CIS4037,19,83.33333333
MFP2005,18,84.02777778
MFP2005,22,77.93103448
MFP2005,21,91.42857143
MFP2005,68,85.71428571
MFP2005,37,79.16666667
MFP2005,19,81.27853881
MFP2005,40,95.83333333
MFP2005,20,86.11111111
MFP2005,59,100
MFP2005,60,100
MFP2005,30,68
MFP2005,53,96
MFP2005,63,96
MFP2005,39,59.09090909
MFP2005,27,95.83333333
MFP2005,43,76
MFP2005,56,68
MFP2005,62,91.66666667
MFP2005,67,100
MFP2006,18,54.54545455
MFP2006,22,47.5
MFP2006,40,33.33333333
MFP2006,21,76.34408602
MFP2006,68,67.56756757
MFP2006,37,23.07692308
MFP2006,19,51.66666667
MFP2006,20,73.07692308
MFP2006,59,92.85714286
MFP2006,60,100
MFP2006,30,61.53846154
MFP2006,53,76.92307692
MFP2006,63,100
MFP2006,39,0
MFP2006,27,78.57142857
MFP2006,43,53.84615385
MFP2006,56,7.142857143
MFP2006,62,87.5
MFP2006,67,70.83333333
MFP2008,18,72.15189873
MFP2008,22,52
MFP2008,21,78.63636364
MFP2008,68,79.54545455
MFP2008,37,20
MFP2008,19,73.33333333
MFP2008,40,75
MFP2008,20,82.8125
MFP2008,59,85
MFP2008,60,100
MFP2008,30,65
MFP2008,53,85
MFP2008,63,90
MFP2008,39,10
MFP2008,27,85
MFP2008,43,50
MFP2008,56,20
MFP2008,62,100
MFP2008,67,95.83333333
GAV4037,43,57.69230769
GAV4037,53,88.46153846
GAV4037,21,72.82608696
GAV4037,19,42.67515924
GAV4037,22,37.14285714
GAV4037,20,45.25139665
GAV4037,57,61.53846154
GAV4037,18,46.34146341
GAV4037,36,47.05882353
GAV4037,45,73.07692308
GAV4037,69,50.98039216
GAV4037,67,44.44444444
GAV4037,64,18.51851852
GAV4037,42,59.25925926
GAV4038,43,39.13043478
GAV4038,53,90.90909091
GAV4038,21,62.98701299
GAV4038,19,40.54054054
GAV4038,22,39.56043956
GAV4038,20,38.46153846
GAV4038,57,65.2173913
GAV4038,18,44.61538462
GAV4038,36,61.53846154
GAV4038,45,52.17391304
GAV4038,69,41.46341463
GAV4038,67,57.14285714
GAV4038,64,4.347826087
GAV4038,42,50
CIS4008,19,31.81818182
CIS4008,44,81.81818182
CIS4008,58,100
CIS4008,18,91.66666667
CIS4008,20,92.5
CIS4008,21,72.22222222
CIS4008,22,81.25
CIS4008,69,31.81818182
CIS4008,45,100
CAM4017,20,94.87179487
CAM4017,18,100
CAM4017,22,100
CAM4017,60,100
CAM4017,67,100
CAM4017,36,100
CAM4017,65,100
CAM4017,21,100
GAV2021,54,71.69811321
GAV2021,19,50.65789474
GAV2021,20,53.24675325
GAV2021,22,51.95071869
GAV2021,30,46.42857143
GAV2021,64,23.07692308
GAV2021,18,57.31707317
GAV2021,21,56.96969697
GAV2021,51,84.61538462
GAV2021,56,38.46153846
GAV2021,52,54.12844037
GAV2021,45,75
GAV2021,57,47.27272727
GAV2021,44,63.63636364
GAV2021,68,55.55555556
GAV2021,24,66.66666667
GAV2021,59,88.88888889
GAV2021,38,25
GAV2021,62,17.85714286
GAV2021,58,59.25925926
GAV2021,40,53.57142857
GAV2021,61,96.42857143
GAV2021,37,66.66666667
GAV2011,54,82.69230769
GAV2011,19,51.30434783
GAV2011,22,51.20772947
GAV2011,30,51.85185185
GAV2011,64,29.62962963
GAV2011,18,54.58937198
GAV2011,21,57.89473684
GAV2011,51,60
GAV2011,56,19.23076923
GAV2011,20,57.03125
GAV2011,52,61.53846154
GAV2011,45,56
GAV2011,57,50
GAV2011,33,48
GAV2011,44,53.84615385
GAV2011,68,84.61538462
GAV2011,24,52
GAV2011,59,88.88888889
GAV2011,38,56
GAV2011,62,33.33333333
GAV2011,58,37.03703704
GAV2011,37,81.48148148
GAV2027,54,68.57142857
GAV2027,19,36.50306748
GAV2027,22,25.41254125
GAV2027,30,30.43478261
GAV2027,64,0
GAV2027,18,45.23809524
GAV2027,21,40.22140221
GAV2027,51,50
GAV2027,56,22.72727273
GAV2027,20,41.07142857
GAV2027,52,30.88235294
GAV2027,45,55
GAV2027,57,30.76923077
GAV2027,33,66.66666667
GAV2027,44,36.84210526
GAV2027,68,55
GAV2027,24,40
GAV2027,59,100
GAV2027,38,33.33333333
GAV2027,62,13.63636364
GAV2027,58,8.333333333
GAV2027,37,58.33333333
CIS4023,44,91.66666667
CIS4023,19,71.83098592
CIS4023,22,72.72727273
CIS4023,18,74.46808511
CIS4023,21,66.66666667
CIS4023,20,54.05405405
CIS4023,50,100
CIS4023,57,83.33333333
CAM4039,19,29.16666667
CAM4039,22,100
CAM4039,20,87.5
CAM4039,36,83.33333333
CAM4039,54,91.66666667
CAM4039,48,79.16666667
CAM4039,40,95.83333333
CAM4039,18,91.66666667
CAM4039,21,75
CAM4037,19,50
CAM4037,64,75
CAM4037,22,88.46153846
CAM4037,20,66.66666667
CAM4037,36,58.33333333
CAM4037,21,70.1754386
CAM4037,54,70.83333333
CAM4037,43,25
CAM4037,28,75
CAM4037,48,83.33333333
CAM4037,40,87.5
CAM4037,18,87.5
CAM4040,19,8.333333333
CAM4040,20,53.84615385
CAM4040,36,78.57142857
CAM4040,54,53.84615385
CAM4040,48,87.5
CAM4040,40,100
CAM4040,18,100
CAM4040,21,53.84615385
GAV2005,69,65.85365854
GAV2005,19,53.84615385
GAV2005,51,60
GAV2005,18,56.95067265
GAV2005,21,55.30973451
GAV2005,44,5.555555556
GAV2005,30,36.11111111
GAV2005,52,58.69565217
GAV2005,59,0
GAV2005,32,83.33333333
GAV2005,67,16.66666667
GAV2005,33,50
GAV2005,22,58.25242718
GAV2005,65,58.33333333
GAV2005,20,44.82758621
GAV2005,43,76.19047619
GAV2005,58,38.0952381
GAV2005,45,50
GAV2005,46,100
GAV2005,29,35
GAV2016,69,59.09090909
GAV2016,51,83.33333333
GAV2016,18,71.14427861
GAV2016,21,68.37209302
GAV2016,44,23.80952381
GAV2016,20,59.09090909
GAV2016,52,61.36363636
GAV2016,32,72.72727273
GAV2016,67,31.81818182
GAV2016,30,63.63636364
GAV2016,19,82.45614035
GAV2016,33,41.66666667
GAV2016,22,81.81818182
GAV2016,65,54.54545455
GAV2016,43,100
GAV2016,58,18.18181818
GAV2016,45,95.45454545
GAV2016,46,100
GAV2016,29,27.27272727
GAV2004,69,50
GAV2004,51,29.62962963
GAV2004,18,60.64814815
GAV2004,21,49.15966387
GAV2004,44,16.66666667
GAV2004,20,43.05555556
GAV2004,52,60.41666667
GAV2004,32,66.66666667
GAV2004,67,20.83333333
GAV2004,30,20.83333333
GAV2004,19,62.10526316
GAV2004,33,25
GAV2004,22,69.79166667
GAV2004,65,41.66666667
GAV2004,43,75
GAV2004,58,20.83333333
GAV2004,45,54.16666667
GAV2004,46,95.83333333
GAV2004,29,20.83333333
CIS1010,41,58.82352941
CIS1010,39,88.88888889
CIS1010,19,73.68421053
CIS1010,57,84.72222222
CIS1010,55,76.47058824
CIS1010,67,25
CIS1010,59,22.22222222
CIS1010,37,93.61702128
CIS1010,60,23.61111111
CIS1010,63,91.4893617
CIS1010,56,95.90163934
CIS1010,20,70.76167076
CIS1010,21,67.16141002
CIS1010,69,61.11111111
CIS1010,51,75
CIS1010,65,100
CIS1010,22,61.74496644
CIS1010,68,88.88888889
CIS1010,36,91.66666667
CIS1010,18,34.04255319
CIS1010,38,86.11111111
CIS1010,54,46.05263158
CIS1010,43,78.57142857
CIS1010,49,51.35135135
CIS1010,35,94.44444444
CIS1013,41,44.44444444
CIS1013,39,70.58823529
CIS1013,19,74.02985075
CIS1013,57,74.64788732
CIS1013,55,86.66666667
CIS1013,67,15.15151515
CIS1013,59,27.27272727
CIS1013,21,65.14285714
CIS1013,22,62.61904762
CIS1013,37,94.59459459
CIS1013,60,29.41176471
CIS1013,63,89.18918919
CIS1013,56,96
CIS1013,20,75.78347578
CIS1013,69,61.76470588
CIS1013,51,69.44444444
CIS1013,65,97.05882353
CIS1013,68,94.11764706
CIS1013,36,88.88888889
CIS1013,18,70.27027027
CIS1013,38,86.48648649
CIS1013,54,97.2972973
CIS1013,43,66.66666667
CIS1013,49,54.54545455
CIS1013,35,77.77777778
CIS1018,41,59.21052632
CIS1018,45,92.10526316
CIS1018,39,70.27027027
CIS1018,18,63.13253012
CIS1018,22,67.26368159
CIS1018,21,67.94453507
CIS1018,19,74.64539007
CIS1018,57,66.27906977
CIS1018,55,59.25925926
CIS1018,59,64.86486486
CIS1018,20,67.32788798
CIS1018,48,60
CIS1018,27,70.27027027
CIS1018,61,5.714285714
CIS1018,37,100
CIS1018,60,47.27272727
CIS1018,49,34.72222222
CIS1018,63,97.36842105
CIS1018,56,87.41721854
CIS1018,35,51.35135135
CIS1018,69,68
CIS1018,51,78.37837838
CIS1018,66,94.59459459
CIS1018,65,89.18918919
CIS1018,47,89.47368421
CIS1018,50,97.33333333
CIS1018,40,59.45945946
CIS1018,68,97.36842105
CIS1018,36,84.21052632
CIS1018,64,78.94736842
CIS1018,38,91.89189189
CIS1018,54,53.62318841
CIS1018,43,77.77777778
CIS1018,62,86.84210526
CIS1018,28,4.347826087
GAV4003,19,76.63551402
GAV4003,20,70.67669173
GAV4003,66,29.62962963
GAV4003,18,37.12121212
GAV4003,63,53.84615385
GAV4003,54,34.61538462
GAV4003,68,30.76923077
GAV4003,69,25
GAV4003,22,55.69620253
GAV4003,21,42.07650273
GAV4003,27,3.571428571
GAV4003,33,53.84615385
GAV4003,58,96.2962963
GAV4003,62,88.88888889
GAV4003,55,77.77777778
GAV4003,53,88.88888889
GAV4003,43,64.28571429
GAV4003,50,48.14814815
GAV4003,64,11.53846154
GAV4020,19,82.66666667
GAV4020,20,72.34042553
GAV4020,66,73.68421053
GAV4020,18,60.86956522
GAV4020,63,83.33333333
GAV4020,54,70
GAV4020,68,22.22222222
GAV4020,69,33.33333333
GAV4020,22,70.37037037
GAV4020,21,54.95495495
GAV4020,27,31.57894737
GAV4020,33,61.11111111
GAV4020,58,77.77777778
GAV4020,62,83.33333333
GAV4020,55,88.88888889
GAV4020,53,94.59459459
GAV4020,43,72.22222222
GAV4020,50,31.57894737
GAV4020,64,36.84210526
CIS4021,19,79.31034483
CIS4021,18,70.27027027
CIS4021,21,84.21052632
CIS4021,22,91.66666667
CIS4021,20,80
CIS4021,61,66.66666667
CIS4022,19,91.4893617
CIS4022,22,86.11111111
CIS4022,18,75
CIS4022,21,80.55555556
CIS4022,20,97.36842105
VIS3105,59,63.63636364
VIS3105,18,100
VIS3105,46,81.81818182
VIS3105,29,76.19047619
VIS3105,19,67.64705882
VIS3105,39,90.90909091
VIS3105,20,72.72727273
VIS3105,42,63.63636364
VIS3105,61,81.81818182
VIS3105,21,100
VIS3105,22,72.72727273
VIS3105,30,90.90909091
VIS3105,69,75
COM4077,22,88.88888889
CAM4062,18,91.66666667
CAM4062,51,83.33333333
CAM4062,40,100
CAM4062,19,97.22222222
CAM4062,21,100
CAM4062,22,100
CAM4062,32,100
CAM4061,18,91.66666667
CAM4061,51,83.33333333
CAM4061,40,100
CAM4061,19,97.22222222
CAM4061,21,100
CAM4061,22,58.33333333
CAM4061,32,100
CAM1030,19,59.94236311
CAM1030,61,45.45454545
CAM1030,18,68.89952153
CAM1030,20,54.10958904
CAM1030,22,78.06122449
CAM1030,29,83.33333333
CAM1030,21,73.70689655
CAM1030,26,79.16666667
CAM1030,49,91.30434783
CAM1030,60,65.2173913
CAM1030,59,22.72727273
CAM1030,62,36.36363636
CAM1030,55,79.16666667
CAM1030,44,91.66666667
CAM1030,66,91.66666667
CAM1030,54,75
CAM1030,45,31.81818182
CAM1030,41,73.68421053
GAV1003,66,49.07407407
GAV1003,19,51.07327905
GAV1003,38,58.33333333
GAV1003,18,54.90353698
GAV1003,67,47.22222222
GAV1003,65,59.43396226
GAV1003,20,57.22543353
GAV1003,59,69.44444444
GAV1003,21,51.40056022
GAV1003,62,60.55555556
GAV1003,68,66.35514019
GAV1003,22,57.84919654
GAV1003,35,56.33802817
GAV1003,69,57.14285714
GAV1003,44,72.22222222
GAV1003,36,97.22222222
GAV1003,58,49.30555556
GAV1003,27,35.71428571
GAV1003,45,39.62264151
GAV1003,28,54.28571429
GAV1003,32,58.33333333
GAV1003,52,42.25352113
GAV1003,47,83.33333333
GAV1003,34,57.14285714
GAV1003,26,88.88888889
GAV1003,25,54.28571429
GAV1003,51,22.85714286
GAV1003,54,44.76190476
GAV1003,61,61.32075472
GAV1003,56,45.71428571
GAV1003,42,86.48648649
GAV1003,33,51.47058824
GAV1003,41,59.15492958
GAV1003,55,80.55555556
GAV1003,64,80.55555556
GAV1003,46,38.88888889
GAV1003,53,66.1971831
GAV1003,43,66.66666667
GAV1015,66,47.2972973
GAV1015,19,56.67011375
GAV1015,38,50
GAV1015,45,63.26530612
GAV1015,21,54.96183206
GAV1015,18,58.42572062
GAV1015,67,44.68085106
GAV1015,49,34.61538462
GAV1015,65,61.84210526
GAV1015,20,65.9767141
GAV1015,59,80.39215686
GAV1015,62,67.85714286
GAV1015,22,63.76623377
GAV1015,50,84.61538462
GAV1015,68,70
GAV1015,46,52.7027027
GAV1015,29,74
GAV1015,44,52.08333333
GAV1015,69,55.55555556
GAV1015,36,88.88888889
GAV1015,35,74.50980392
GAV1015,64,80
GAV1015,58,50
GAV1015,27,44.18604651
GAV1015,28,73.91304348
GAV1015,32,91.66666667
GAV1015,52,42.55319149
GAV1015,47,78.57142857
GAV1015,34,63.63636364
GAV1015,26,61.2244898
GAV1015,25,72.72727273
GAV1015,41,48.93617021
GAV1015,56,68.62745098
GAV1015,51,43.47826087
GAV1015,54,45.83333333
GAV1015,61,73.40425532
GAV1015,42,92.30769231
GAV1015,33,45.83333333
GAV1015,55,64
GAV1015,53,70.83333333
GAV1015,23,56
GAV1015,43,25
GAV1009,66,50
GAV1009,20,61.54992548
GAV1009,45,50
GAV1009,19,59.08496732
GAV1009,61,55.88235294
GAV1009,67,11.53846154
GAV1009,22,67.86941581
GAV1009,49,27.5862069
GAV1009,65,53.84615385
GAV1009,62,88.60759494
GAV1009,21,62.04081633
GAV1009,50,65.38461538
GAV1009,46,47.16981132
GAV1009,18,59.52023988
GAV1009,44,15.38461538
GAV1009,69,34.61538462
GAV1009,36,96.15384615
GAV1009,35,98.07692308
GAV1009,64,81.13207547
GAV1009,29,92.30769231
GAV1009,27,55.55555556
GAV1009,28,33.33333333
GAV1009,52,75.6097561
GAV1009,47,85.18518519
GAV1009,34,34.61538462
GAV1009,25,57.69230769
GAV1009,63,44.44444444
GAV1009,41,53.16455696
GAV1009,56,75.47169811
GAV1009,51,74.07407407
GAV1009,54,49.25373134
GAV1009,68,71.69811321
GAV1009,42,0
GAV1009,48,84.61538462
GAV1009,58,33.33333333
GAV1009,55,70.37037037
GAV1009,40,88.46153846
GAV1009,33,61.53846154
GAV1009,23,65.38461538
GAV1009,53,88.46153846
GAV1009,43,60
CIS4010,58,95.83333333
CIS4010,18,82.14285714
CIS4010,20,79.31034483
CIS4010,21,53.125
CIS4010,69,62.5
CIS4010,19,79.16666667
VIS3126,22,25
VIS3126,40,95.45454545
VIS3126,59,30
VIS3126,18,52.27272727
VIS3126,32,45.45454545
VIS3126,19,69.04761905
VIS3126,20,31.81818182
VIS3126,45,86.36363636
VIS3126,33,72.72727273
VIS3110,65,78.26086957
VIS3110,20,36.84210526
VIS3110,22,60.81081081
VIS3110,33,26.82926829
VIS3110,25,9.523809524
VIS3110,19,58.43621399
VIS3110,40,75
VIS3110,21,56.68202765
VIS3110,18,56.55172414
VIS3110,60,90.47619048
VIS3110,23,34.7826087
VIS3110,50,69.56521739
VIS3110,66,53.48837209
VIS3110,44,52.17391304
VIS3110,58,13.04347826
VIS3110,42,28.88888889
VIS3110,30,66.66666667
VIS3110,51,95.45454545
VIS3110,52,52.17391304
VIS3110,46,66.66666667
VIS3110,67,63.63636364
VIS3110,61,31.81818182
VIS3110,27,50
VIS3110,36,71.42857143
CAM4063,51,100
CAM4063,40,100
CAM4063,19,100
CAM4063,21,100
CAM4063,22,100
CAM4063,32,100
CIS2026,22,35.08064516
CIS2026,42,16.12903226
CIS2026,19,56.98924731
CIS2026,21,44.8
CIS2026,20,37.41007194
CIS2026,29,30
CIS2026,18,35.24590164
CIS2026,40,91.66666667
CIS2026,31,96.77419355
CIS2026,46,80.64516129
CIS2026,39,45.16129032
CIS2026,57,61.29032258
CIS2014,22,57.42574257
CIS2014,42,26.92307692
CIS2014,19,60.26490066
CIS2014,21,48.07692308
CIS2014,20,53.98230088
CIS2014,29,76
CIS2014,18,52.47524752
CIS2014,40,97.22222222
CIS2014,31,92
CIS2014,46,80
CIS2014,39,72
CIS2014,57,60
CIS2018,22,57.06521739
CIS2018,42,34.7826087
CIS2018,19,71.73913043
CIS2018,21,64.13043478
CIS2018,20,58.45410628
CIS2018,29,52.17391304
CIS2018,18,59.7826087
CIS2018,40,91.66666667
CIS2018,31,100
CIS2018,46,82.60869565
CIS2018,39,69.56521739
CIS2018,57,86.95652174
CAM4057,18,100
CAM4057,22,100
CAM4057,51,100
CAM4057,19,100
CAM4057,20,100
CAM4057,60,100
CAM4057,28,100
CAM4057,67,100
CAM4057,44,100
CAM4057,21,100
CAM4057,62,0
CAM4057,36,100
CAM4057,65,100
GAV4034,18,60.41666667
GAV4034,54,70.83333333
GAV4034,19,87.5
GAV4034,22,93.05555556
GAV4034,33,79.16666667
GAV4034,45,95.83333333
GAV4034,59,83.33333333
GAV4034,69,95.83333333
GAV4034,21,81.25
GAV4034,20,100
GAV4034,49,83.33333333
GAV4034,64,83.33333333
GAV4033,18,66.66666667
GAV4033,54,58.33333333
GAV4033,19,90.27777778
GAV4033,22,83.33333333
GAV4033,33,91.66666667
GAV4033,45,87.5
GAV4033,59,83.33333333
GAV4033,69,100
GAV4033,21,89.58333333
GAV4033,20,95.83333333
GAV4033,49,79.16666667
GAV4033,64,87.5
CIS1007,45,61.11111111
CIS1007,18,59.25925926
CIS1007,19,77.19298246
CIS1007,22,69.44444444
CIS1007,21,72.22222222
CIS1007,20,72.91666667
CIS1007,35,16.66666667
CIS1007,50,46.96969697
CIS1007,59,91.66666667
CIS1007,39,30.55555556
CIS1007,64,61.11111111
CIS1007,62,91.66666667
CIS1007,40,11.11111111
CIS1007,28,0
CIS1007,55,27.77777778
CIS1001,45,83.33333333
CIS1001,18,76.38888889
CIS1001,19,92.47311828
CIS1001,61,0
CIS1001,20,91.66666667
CIS1001,35,66.66666667
CIS1001,22,70.83333333
CIS1001,59,100
CIS1001,21,83.33333333
CIS1001,39,83.33333333
CIS1001,64,33.33333333
CIS1001,62,100
CIS1001,56,100
CIS1001,40,16.66666667
CIS1001,28,0
CIS1001,55,91.66666667
GAV2025,32,36
GAV2025,21,60.57692308
GAV2025,19,61.25401929
GAV2025,20,65.31049251
GAV2025,22,63.32574032
GAV2025,25,50
GAV2025,18,60.77057793
GAV2025,55,80.76923077
GAV2025,33,92.30769231
GAV2025,48,72.72727273
GAV2025,31,34.61538462
GAV2025,26,34.61538462
GAV2025,67,61.53846154
GAV2025,41,89.28571429
GAV2025,69,85.18518519
GAV2025,39,92
GAV2025,52,38.46153846
GAV2025,47,42.30769231
GAV2025,43,88
GAV2025,35,28
GAV2025,59,92.30769231
GAV2025,64,22.22222222
GAV2025,51,57.69230769
GAV2025,40,56
GAV2025,44,7.692307692
GAV2025,50,61.53846154
GAV2025,34,65.38461538
GAV2025,46,64
GAV2025,57,48
GAV2025,65,60.71428571
GAV2025,68,33.33333333
GAV2029,32,37.5
GAV2029,19,57.63888889
GAV2029,20,67.76859504
GAV2029,22,68.60465116
GAV2029,55,70.83333333
GAV2029,33,66.66666667
GAV2029,48,79.16666667
GAV2029,67,66.66666667
GAV2029,21,66.66666667
GAV2029,69,79.16666667
GAV2029,39,91.66666667
GAV2029,18,69.44444444
GAV2029,43,87.5
GAV2029,35,29.16666667
GAV2029,59,58.33333333
GAV2029,40,75
GAV2029,46,45.83333333
GAV2029,57,45.83333333
GAV2017,32,29.16666667
GAV2017,19,63.54166667
GAV2017,55,58.33333333
GAV2017,33,83.33333333
GAV2017,48,91.66666667
GAV2017,20,70.83333333
GAV2017,21,76.73611111
GAV2017,67,75
GAV2017,22,74.4047619
GAV2017,69,79.16666667
GAV2017,39,100
GAV2017,18,73.61111111
GAV2017,43,95.83333333
GAV2017,35,20.83333333
GAV2017,59,83.33333333
GAV2017,40,41.66666667
GAV2017,46,58.33333333
GAV2017,57,37.5
MED3047,22,86.17021277
MED3047,20,72.78481013
MED3047,19,70.21276596
MED3047,21,91.66666667
MED3047,45,91.66666667
MED3047,18,78.94736842
MED3047,40,87.5
MED3047,68,66.66666667
MED3047,57,61.9047619
MED3047,58,76.19047619
MED3047,64,41.66666667
MED3040,20,60.55555556
MED3040,19,57.5
MED3040,21,60.22727273
MED3040,22,67.72151899
MED3040,52,82.60869565
MED3040,59,63.63636364
MED3040,68,78.26086957
MED3040,18,31.46067416
MED3040,43,57.77777778
MED3040,27,40.90909091
MED3040,46,78.26086957
MED3040,67,76.59574468
MED3040,48,71.42857143
MED3040,29,40.90909091
MED3040,41,33.33333333
MUL3051,19,82.91457286
MUL3051,54,82.85714286
MUL3051,60,71.42857143
MUL3051,20,80.58252427
MUL3051,18,78.77094972
MUL3051,21,69.44444444
MUL3051,22,73.72262774
MUL3051,59,68.57142857
MUL3051,63,55.88235294
MUL3051,45,88.23529412
MUL3051,31,47.05882353
MUL3051,53,84.05797101
MUL3051,52,88.23529412
MUL3051,62,94.11764706
MUL3051,61,80
MUL3051,57,58.82352941
COM3047,20,64.51612903
COM3047,57,93.5483871
COM3047,19,63.15789474
COM3047,22,48.79032258
COM3047,43,32.25806452
COM3047,18,58.77192982
COM3047,55,56.25
COM3047,21,61.29032258
COM3047,67,35.48387097
COM3047,29,51.61290323
COM3047,33,16.12903226
COM3047,63,45.16129032
COM3050,20,80.43478261
COM3050,57,96.77419355
COM3050,19,68.42105263
COM3050,22,51.83673469
COM3050,43,41.93548387
COM3050,18,68.14159292
COM3050,55,48.38709677
COM3050,21,32.25806452
COM3050,67,25.80645161
COM3050,29,64.51612903
COM3050,33,32.25806452
COM3050,63,57.14285714
GAV2022,20,41.75824176
GAV2022,47,91.30434783
GAV2022,22,60.86956522
GAV2022,21,56.52173913
GAV2022,19,52.17391304
GAV2022,44,60.86956522
GAV2022,18,56.52173913
GAV2022,48,0
GAV2008,20,68.89632107
GAV2008,21,86.66666667
GAV2008,49,78.57142857
GAV2008,19,67.55319149
GAV2008,22,77.65957447
GAV2008,18,63.58024691
GAV2008,47,86.41975309
GAV2008,55,81.48148148
GAV2008,23,76.36363636
GAV2008,44,67.85714286
GAV2008,48,42.85714286
GAV2008,43,100
GAV2008,63,69.23076923
GAV2008,67,96.2962963
GAV2024,20,56.47668394
GAV2024,21,79.16666667
GAV2024,45,100
GAV2024,49,83.33333333
GAV2024,19,51.38888889
GAV2024,22,59.16666667
GAV2024,18,54.16666667
GAV2024,47,83.33333333
GAV2024,23,75
GAV2024,44,50
GAV2024,48,50
GAV2024,43,100
GAV2024,63,54.16666667
COM4090,19,100
COM4090,18,100
COM4088,19,91.66666667
COM4088,18,91.66666667
COM4083,19,100
COM4083,18,100
CIS4020,21,54.66666667
CIS4020,22,67.32026144
CIS4020,55,36.84210526
CIS4020,19,68.47826087
CIS4020,20,79.06976744
CIS4020,59,100
CIS4020,61,52.63157895
CIS4020,48,61.9047619
CIS4020,63,50
CIS4020,42,82.60869565
CIS4020,29,69.56521739
CIS4020,18,62.92134831
CIS4019,21,63.52941176
CIS4019,22,86.66666667
CIS4019,55,50
CIS4019,19,68.18181818
CIS4019,20,100
CIS4019,59,100
CIS4019,61,41.66666667
CIS4019,48,75
CIS4019,63,70.83333333
CIS4019,42,95.83333333
CIS4019,29,89.58333333
CIS4019,18,82.14285714
CIS4012,21,72.36363636
CIS4012,22,58.03108808
CIS4012,55,46.42857143
CIS4012,19,74.65437788
CIS4012,20,80.76923077
CIS4012,59,97.22222222
CIS4012,61,77.19298246
CIS4012,48,71.83098592
CIS4012,63,50
CIS4012,42,80.55555556
CIS4012,29,70.83333333
CIS4012,18,76.38888889
COM3065,43,45.45454545
COM3065,59,31.81818182
COM3065,19,45
COM3065,22,100
COM3065,21,92.59259259
COM3065,28,100
COM3065,57,68.18181818
COM3065,18,100
COM3065,65,100
GAV3012,33,80
GAV3012,22,50
GAV3012,20,70
GAV3012,60,90.90909091
GAV3012,21,80
GAV3012,18,90
GAV3012,47,100
GAV3012,43,80
GAV3016,33,0
GAV3016,22,100
GAV3016,20,50
GAV3016,60,100
GAV3016,21,50
GAV3016,18,100
GAV3016,47,100
GAV3016,43,100
CAM4042,64,47.05882353
CAM4042,22,83.33333333
CAM4042,21,90.90909091
CAM4042,43,25
CAM4042,28,66.66666667
CAM4042,19,72.22222222
CAM4042,18,66.66666667
MED3050,20,76.04166667
MED3050,19,75
MED3050,21,76.04166667
MED3050,22,77.38095238
MED3050,52,95.83333333
MED3050,59,87.5
MED3050,68,83.33333333
MED3050,18,55.20833333
MED3050,43,79.16666667
MED3050,27,79.16666667
MED3050,46,91.66666667
MED3050,67,85.41666667
MED3050,48,83.33333333
MED3050,29,75
MED3050,41,75
MED3040,20,60.55555556
MED3040,19,57.5
MED3040,21,60.22727273
MED3040,22,67.72151899
MED3040,52,82.60869565
MED3040,59,63.63636364
MED3040,68,78.26086957
MED3040,18,31.46067416
MED3040,43,57.77777778
MED3040,27,40.90909091
MED3040,46,78.26086957
MED3040,67,76.59574468
MED3040,48,71.42857143
MED3040,29,40.90909091
MED3040,41,33.33333333
MED3051,20,83.43949045
MED3051,19,84.7826087
MED3051,21,79.08496732
MED3051,22,88.19444444
MED3051,52,94.73684211
MED3051,59,89.47368421
MED3051,68,100
MED3051,18,72.83950617
MED3051,43,93.02325581
MED3051,27,89.47368421
MED3051,46,94.73684211
MED3051,67,93.02325581
MED3051,48,100
MED3051,29,68.42105263
MED3051,41,94.73684211
MED2062,20,100
MED2034,20,100
MED2056,20,100
GAV2003,21,76.92307692
GAV2003,20,91.74311927
GAV2003,49,96.15384615
GAV2003,19,53.84615385
GAV2003,22,74.03846154
GAV2003,18,66.66666667
GAV2003,23,46.15384615
GAV2003,48,47.61904762
GAV2003,43,100
GAV2003,63,53.84615385
GAV2003,47,53.84615385
PER3008,60,93.75
PER3008,63,93.33333333
PER3008,22,77.41935484
PER3008,21,95.74468085
PER3008,18,73.33333333
PER3008,19,63.04347826
PER3008,20,87.5
PER3008,61,100
PER3008,47,37.5
PER3008,43,81.25
PER3008,69,43.75
PER3008,67,100
PER3018,60,90.90909091
PER3018,63,77.27272727
PER3018,22,81.81818182
PER3018,21,81.81818182
PER3018,18,69.6969697
PER3018,19,78.78787879
PER3018,20,80
PER3018,61,100
PER3018,47,81.81818182
PER3018,43,63.63636364
PER3018,69,63.63636364
PER3018,67,95.45454545
PER3028,60,66.66666667
PER3028,63,38.46153846
PER3028,22,80.76923077
PER3028,21,77.5
PER3028,18,62.96296296
PER3028,19,64.1025641
PER3028,20,74.35897436
PER3028,61,92.30769231
PER3028,47,61.53846154
PER3028,43,58.33333333
PER3028,69,53.84615385
PER3028,67,83.33333333
CIS2009,67,21.73913043
CIS2009,19,26.08695652
CIS2009,22,60.43956044
CIS2009,21,91.30434783
CIS2009,18,86.95652174
CIS2009,23,91.30434783
CIS2009,20,93.47826087
CIS2017,67,30.76923077
CIS2017,37,42.02898551
CIS2017,20,58.93719807
CIS2017,63,0
CIS2017,22,54.95867769
CIS2017,61,52.17391304
CIS2017,19,56.25
CIS2017,18,56.58436214
CIS2017,21,44.08945687
CIS2017,39,0
CIS2017,23,85.71428571
CIS2017,52,80
CIS2017,53,64.28571429
CIS2017,26,74.28571429
CIS2017,30,65.71428571
CIS2017,58,60
CIS2017,64,39.13043478
CIS2017,47,82.85714286
CIS2017,44,57.14285714
CIS2017,57,58.82352941
CIS2017,65,20
CIS2017,68,67.6056338
CIS2017,59,74.28571429
CIS2017,25,77.14285714
CIS2019,67,23.33333333
CIS2019,19,53.96825397
CIS2019,22,70.88607595
CIS2019,21,83.87096774
CIS2019,18,92.78350515
CIS2019,23,96.66666667
CIS2019,20,72.63157895
CIS2019,30,76.47058824
CIS2019,68,30.3030303
CIS2021,37,38.80597015
CIS2021,61,47.05882353
CIS2021,20,65.51724138
CIS2021,19,60.68376068
CIS2021,18,61.12956811
CIS2021,39,8.823529412
CIS2021,22,72.03389831
CIS2021,21,62.55319149
CIS2021,53,80.59701493
CIS2021,58,87.87878788
CIS2021,47,91.17647059
CIS2021,67,84.84848485
CIS2021,64,36.36363636
CIS2021,65,47.05882353
CIS2021,25,97.05882353
CIS2001,37,47.69230769
CIS2001,61,59.375
CIS2001,20,64.97461929
CIS2001,19,59.21052632
CIS2001,18,66.0899654
CIS2001,22,68.14159292
CIS2001,21,59.64912281
CIS2001,53,74.24242424
CIS2001,58,81.25
CIS2001,47,78.78787879
CIS2001,67,72.72727273
CIS2001,64,51.51515152
CIS2001,65,40.625
CIS2001,25,81.25
COM3046,18,81.94444444
COM3046,19,80.10752688
COM3046,22,83.33333333
COM3046,20,72.22222222
COM3046,45,38.88888889
COM3046,21,66.66666667
COM3046,40,47.22222222
COM3042,18,66.66666667
COM3042,19,77.41935484
COM3042,22,73.61111111
COM3042,20,75
COM3042,45,16.66666667
COM3042,21,62.5
COM3042,40,45.83333333
CAM4036,22,75
CAM4036,21,0
CAM4036,43,20
CAM4036,28,60
CAM4036,19,75
CAM4036,18,60
CIS4009,18,95.45454545
CIS4009,22,100
CIS4009,20,92.1875
CIS4009,21,72
GAV3003,46,61.11111111
GAV3003,19,59.25925926
GAV3003,42,85.18518519
GAV3003,53,44.44444444
GAV3003,18,62.20735786
GAV3003,57,74.07407407
GAV3003,58,96.2962963
GAV3003,20,82.40740741
GAV3003,22,60.74074074
GAV3003,55,79.62962963
GAV3003,21,71.60493827
GAV3003,61,40.74074074
GAV3003,48,55.55555556
GAV3003,34,51.85185185
GAV3003,28,85.18518519
GAV3003,68,88.88888889
GAV3003,44,59.25925926
GAV3003,65,81.48148148
GAV3021,46,62.5
GAV3021,19,58.03571429
GAV3021,42,89.28571429
GAV3021,53,50
GAV3021,18,57.41935484
GAV3021,57,53.57142857
GAV3021,58,75
GAV3021,20,75.89285714
GAV3021,22,56.42857143
GAV3021,55,87.5
GAV3021,21,63.52941176
GAV3021,61,32.14285714
GAV3021,48,53.57142857
GAV3021,34,42.85714286
GAV3021,28,89.28571429
GAV3021,68,96.42857143
GAV3021,44,82.14285714
GAV3021,65,78.57142857
GAV3010,46,59.09090909
GAV3010,19,39.62264151
GAV3010,42,90.90909091
GAV3010,53,50
GAV3010,18,47.64705882
GAV3010,57,53.84615385
GAV3010,58,55.55555556
GAV3010,20,76.62337662
GAV3010,22,43.07692308
GAV3010,55,67.64705882
GAV3010,21,73.33333333
GAV3010,61,40
GAV3010,48,58.82352941
GAV3010,34,17.64705882
GAV3010,28,58.82352941
GAV3010,68,76.47058824
GAV3010,44,62.5
GAV3010,65,61.53846154
MED3007,19,100
MED3007,59,75
MED3007,22,77.77777778
MED3007,18,80.83333333
MED3007,20,78.125
MED3007,40,50
MED3007,21,69.44444444
MED3007,65,54.16666667
MED3007,68,79.16666667
MED3007,64,45.83333333
MED3007,43,87.5
MED3007,29,95.83333333
MED3020,19,91.42857143
MED3020,59,75
MED3020,21,67.56756757
MED3020,22,70.83333333
MED3020,18,75
MED3020,20,81.81818182
MED3036,19,87.5
MED3036,59,33.33333333
MED3036,21,56.47058824
MED3036,22,31.25
MED3036,20,67.70833333
MED3036,18,70.83333333
MED3036,64,32.14285714
VIS3103,21,48.52941176
VIS3103,69,100
VIS3103,20,75
VIS3103,22,91.17647059
COM3045,20,0
COM3045,47,0
COM3045,49,100
COM3045,21,50
COM3045,35,100
COM3045,19,100
COM3045,50,100
VIS4059,61,100
VIS4059,19,82.60869565
VIS4059,56,95.65217391
VIS4059,20,91.30434783
VIS4059,21,65.2173913
VIS4060,61,76.19047619
VIS4060,19,42.85714286
VIS4060,56,71.42857143
VIS4060,20,71.42857143
VIS4060,21,57.14285714
VIS4073,61,100
VIS4073,19,92.85714286
VIS4073,56,100
VIS4073,20,100
VIS4073,21,89.28571429
MUL3063,69,95.65217391
MUL3063,20,93.61702128
MUL3063,22,91.30434783
MUL3064,69,95.83333333
MUL3064,20,87.5
MUL3064,22,45.83333333
MUL3065,69,100
MUL3065,20,100
MUL3065,22,100
GAV4024,51,84.21052632
GAV4024,41,89.47368421
GAV4002,51,100
GAV4002,41,95.83333333
MFP2026,53,0
MFP2026,19,72.36842105
MFP2026,18,42.85714286
MFP2026,36,76.92307692
MFP2026,21,84.61538462
MFP2026,20,76.92307692
MFP2026,32,100
MFP2026,40,100
MFP2026,49,84.61538462
MFP2026,22,84.61538462
MFP2026,66,100
MFP2026,46,84.61538462
MFP2026,51,76.92307692
MFP2026,29,76.92307692
MFP2019,53,66.66666667
MFP2019,19,67.30769231
MFP2019,40,50
MFP2019,20,62.5
MFP2019,32,100
MFP2019,18,89.18918919
MFP2019,21,88
MFP2019,57,100
MFP2017,53,0
MFP2017,19,66.66666667
MFP2017,20,65.90909091
MFP2017,32,100
MFP2017,18,82.60869565
MFP2017,21,52.27272727
MFP2017,57,95.45454545
GAV2002,20,64
GAV2002,22,50.94339623
GAV2002,18,69.23076923
GAV2002,40,46.15384615
GAV2002,61,73.07692308
GAV2002,21,0
GAV2015,20,57.14285714
GAV2015,22,57.89473684
GAV2015,18,77.77777778
GAV2015,40,38.88888889
GAV2015,61,72.22222222
GAV2015,21,0
CIS2016,20,59.34065934
CIS2016,63,0
CIS2016,22,60
CIS2016,67,16.66666667
CIS2016,19,67.61904762
CIS2016,21,90
CIS2016,52,96.66666667
CIS2016,26,100
CIS2016,18,57.77777778
CIS2016,61,76.66666667
CIS2016,30,83.33333333
CIS2016,64,96.66666667
CIS2016,44,86.66666667
CIS2016,57,60
CIS2016,68,93.93939394
CIS2016,59,63.33333333
CIS2015,20,60.60606061
CIS2015,22,28.78787879
CIS2015,67,44.11764706
CIS2015,19,71.71717172
CIS2015,21,96.96969697
CIS2015,26,90.90909091
CIS2015,61,93.93939394
CIS2015,64,87.87878788
CIS2015,57,69.6969697
CIS2015,59,87.87878788
MFP2027,19,77.77777778
MFP2027,18,0
MFP2027,36,100
MFP2027,21,96.15384615
MFP2027,40,100
MFP2027,49,84.61538462
MFP2027,22,100
MFP2027,20,96.15384615
MFP2027,66,76.92307692
MFP2027,32,69.23076923
MFP2027,46,100
MFP2027,51,69.23076923
MFP2027,29,100
GAV2028,21,60.52631579
GAV2028,20,52.96803653
GAV2028,22,57.50915751
GAV2028,25,37.03703704
GAV2028,18,63.12849162
GAV2028,31,46.42857143
GAV2028,26,39.28571429
GAV2028,19,56.23100304
GAV2028,41,70.37037037
GAV2028,52,25.92592593
GAV2028,47,55.55555556
GAV2028,48,78.57142857
GAV2028,64,22.22222222
GAV2028,67,7.407407407
GAV2028,51,67.85714286
GAV2028,44,7.407407407
GAV2028,50,77.77777778
GAV2028,34,92.85714286
GAV2028,65,77.77777778
GAV2028,68,28.57142857
GAV2007,21,69.18032787
GAV2007,20,60.37735849
GAV2007,25,89.28571429
GAV2007,18,70.83333333
GAV2007,22,65.44715447
GAV2007,31,42.85714286
GAV2007,26,25
GAV2007,19,62.76923077
GAV2007,41,55.55555556
GAV2007,52,39.28571429
GAV2007,47,75
GAV2007,48,39.28571429
GAV2007,64,25
GAV2007,67,37.03703704
GAV2007,51,48
GAV2007,44,10.71428571
GAV2007,50,85.71428571
GAV2007,34,84.61538462
GAV2007,65,75
GAV2007,68,23.07692308
GAV0003,50,60.60606061
GAV0003,48,8
GAV0003,58,52.94117647
GAV0003,22,34.55497382
GAV0003,59,61.76470588
GAV0003,20,36
GAV0003,21,46.1928934
GAV0003,19,25.14619883
GAV0003,65,36.84210526
GAV0003,37,35.71428571
GAV0003,18,36.32478632
GAV0003,52,42.10526316
GAV0003,39,0
GAV0003,60,20
GAV0003,40,6.666666667
GAV0003,63,14.28571429
GAV0003,53,20
GAV0003,34,13.15789474
GAV0003,28,65
GAV0003,69,63.15789474
GAV0003,47,26.31578947
GAV0003,41,26.31578947
GAV0003,49,5.263157895
CAM0001,50,100
CAM0001,18,92.85714286
CAM0001,39,5.263157895
CAM0001,21,90
CAM0001,34,33.33333333
CAM0001,47,33.33333333
CAM0001,41,55
CAM0001,49,11.11111111
CAM0001,19,55.55555556
CAM0002,50,100
CAM0002,39,47.36842105
CAM0002,21,100
CAM0002,18,94.73684211
CAM0002,34,57.89473684
CAM0002,47,57.89473684
CAM0002,41,63.15789474
CAM0002,49,47.36842105
CAM0002,19,50
GAV1006,19,49.4047619
GAV1006,38,66.66666667
GAV1006,18,55.20833333
GAV1006,67,43.75
GAV1006,59,79.16666667
GAV1006,21,56.01851852
GAV1006,62,46.875
GAV1006,68,79.16666667
GAV1006,20,55.78635015
GAV1006,44,75
GAV1006,22,58.18965517
GAV1006,66,41.66666667
GAV1006,58,52.08333333
GAV1006,32,91.66666667
GAV1006,26,83.33333333
GAV1006,65,83.33333333
GAV1006,61,91.66666667
GAV1006,33,33.33333333
GAV1006,41,70.83333333
GAV1006,42,91.66666667
GAV1006,27,29.16666667
GAV1006,46,29.16666667
GAV1006,53,37.5
GAV1006,45,50
MFP2028,19,66.17647059
MFP2028,40,100
MFP2028,22,91.30434783
MFP2028,20,91.30434783
MFP2028,46,90.90909091
MFP2028,21,95.45454545
MUL3060,22,90
MUL3060,20,61.9047619
MUL3060,19,81.66666667
MUL3060,18,100
MUL3060,47,95.45454545
MUL3060,38,100
MUL3059,22,94.44444444
MUL3059,20,52.5
MUL3059,19,75.92592593
MUL3059,18,100
MUL3059,47,83.33333333
MUL3059,38,100
MUL3061,22,94.44444444
MUL3061,20,52.5
MUL3061,19,79.62962963
MUL3061,18,100
MUL3061,47,83.33333333
MUL3061,38,100
MUL3062,22,100
MUL3062,20,50
MUL3062,19,100
MUL3062,18,100
MUL3062,47,100
MUL3062,38,100
MFP2024,18,22.91666667
MFP2024,36,41.66666667
MFP2024,21,53.125
MFP2024,19,25
MFP2024,49,29.16666667
MFP2024,22,62.5
MFP2024,66,75
MFP2024,32,62.5
MFP2024,51,66.66666667
MFP2024,20,50
MFP2024,29,66.66666667
MFP2024,57,41.66666667
CIS4027,19,100
CIS4027,21,79.16666667
FAE3010,29,50
FAE3010,21,71.25
FAE3010,61,56.25
FAE3010,18,93.75
FAE3010,22,75
FAE3010,60,68.75
FAE3010,47,87.5
FAE3010,24,81.25
FAE3010,51,87.5
FAE3013,29,58.33333333
FAE3013,21,60
FAE3013,61,58.33333333
FAE3013,18,100
FAE3013,22,91.66666667
FAE3013,60,8.333333333
FAE3013,47,83.33333333
FAE3013,24,66.66666667
FAE3013,51,0
COM3064,59,45.83333333
COM3064,19,36.36363636
COM3064,22,85.41666667
COM3064,21,86.44067797
COM3064,28,70.83333333
COM3064,57,50
COM3064,18,79.16666667
COM3064,65,70.83333333
COM3067,59,36.36363636
COM3067,19,44.44444444
COM3067,22,90.90909091
COM3067,21,88.70967742
COM3067,28,90.90909091
COM3067,57,72.72727273
COM3067,18,88.63636364
COM3067,65,86.36363636
GAV1030,22,62.88659794
GAV1030,21,67.9245283
GAV1030,19,77.17391304
GAV1030,20,64.1221374
GAV1030,18,63.79310345
GAV1030,57,72.34042553
GAV1030,49,42.10526316
GAV1030,66,95.65217391
GAV1030,56,40.74074074
GAV1030,65,58.62068966
GAV1030,47,71.42857143
GAV1030,40,90.47619048
GAV1030,55,38.0952381
GAV1030,48,100
GAV1030,69,80
GAV1004,22,63.0806846
GAV1004,21,58.30618893
GAV1004,62,59.57446809
GAV1004,18,54.31034483
GAV1004,20,67.36842105
GAV1004,27,56.52173913
GAV1004,19,65.55555556
GAV1004,51,67.34693878
GAV1004,65,68.06722689
GAV1004,36,50
GAV1004,40,70.21276596
GAV1004,57,56.94444444
GAV1004,63,78.26086957
GAV1004,49,59.57446809
GAV1004,69,75
GAV1004,66,69.01408451
GAV1004,56,65.2173913
GAV1004,48,64.58333333
GAV1004,47,83.33333333
GAV1004,30,54.16666667
GAV1004,60,79.16666667
GAV1004,38,65.2173913
GAV1004,55,29.16666667
GAV1004,35,78.72340426
GAV1004,41,87.23404255
GAV1004,58,0
GAV1004,37,43.47826087
FAE2014,19,58.82352941
FAE2014,21,72.47706422
FAE2014,29,88.23529412
FAE2014,37,76.47058824
FAE2014,50,100
FAE2014,20,63.46153846
FAE2014,18,66.17647059
FAE2014,69,88.23529412
FAE2014,22,47.05882353
FAE2014,44,88.23529412
FAE2014,59,100
FAE2016,19,77.77777778
FAE2016,21,63.19444444
FAE2016,29,45.83333333
FAE2016,37,87.5
FAE2016,50,75
FAE2016,20,52.77777778
FAE2016,18,58.33333333
FAE2016,69,83.33333333
FAE2016,22,37.5
FAE2016,44,91.66666667
FAE2016,59,95.83333333
CAM1027,42,81.25
CAM1027,19,87.87878788
CAM1027,34,93.75
CAM1027,63,87.5
CAM1027,22,90.625
CAM1027,20,87.5
CAM1027,18,100
CAM1027,51,93.75
CAM1008,42,78.57142857
CAM1008,58,69.23076923
CAM1008,22,74.13793103
CAM1008,19,77.08333333
CAM1008,18,85.45454545
CAM1008,21,96.42857143
CAM1008,20,66.66666667
CAM1008,34,92.85714286
CAM1008,63,85.71428571
CAM1008,40,100
CAM1008,64,85.71428571
CAM1008,61,92.30769231
CAM1008,60,85.71428571
CAM1008,67,87.5
CAM1008,55,66.66666667
CAM1008,51,100
CAM1011,42,100
CAM1011,19,100
CAM1011,18,66.66666667
CAM1011,21,75
CAM1011,34,100
CAM1011,22,81.81818182
CAM1011,63,66.66666667
CAM1011,40,100
CAM1011,64,100
CAM1011,61,60
CAM1011,20,83.33333333
CAM1011,67,100
CAM1011,55,100
CAM1011,51,100
DES2188,18,54.33789954
DES2188,20,47.05882353
DES2188,58,61.9047619
DES2188,19,63.63636364
DES2188,47,100
DES2188,21,93.18181818
DES2188,59,100
DES2188,22,61.9047619
DES2188,27,71.42857143
DES2188,24,100
DES2188,45,82.22222222
DES2188,43,95.65217391
DES2188,33,62.5
DES2188,55,81.81818182
DES2188,37,95.65217391
DES2193,18,60.36036036
DES2193,20,53.77358491
DES2193,58,86.36363636
DES2193,19,59.375
DES2193,47,95.65217391
DES2193,21,89.13043478
DES2193,59,100
DES2193,22,59.09090909
DES2193,27,77.27272727
DES2193,24,90.90909091
DES2193,45,67.39130435
DES2193,43,91.30434783
DES2193,33,66.66666667
DES2193,55,86.95652174
DES2193,37,100
DES2187,18,61.99095023
DES2187,20,47.72727273
DES2187,19,58.46153846
DES2187,47,95.23809524
DES2187,21,88.88888889
DES2187,59,95.65217391
DES2187,22,72.72727273
DES2187,27,78.26086957
DES2187,24,86.95652174
DES2187,45,60.46511628
DES2187,43,85.71428571
DES2187,55,72.72727273
DES2187,37,90.47619048
CAM2040,22,97.6744186
CAM2040,40,76.47058824
CAM2040,42,100
CAM2040,49,100
CAM2040,41,100
CAM2040,19,100
CAM2040,20,96.875
CAM2039,22,86.53846154
CAM2039,40,80.76923077
CAM2039,42,100
CAM2039,49,88.88888889
CAM2039,41,100
CAM2039,19,100
CAM2039,20,84.90566038
MFP2001,22,85.29411765
MFP2001,40,83.87096774
MFP2001,42,100
MFP2001,49,96.55172414
MFP2001,41,100
MFP2001,19,100
MFP2001,20,85.24590164
PER3012,22,94.44444444
PER3012,18,47.22222222
PER3012,20,65.27777778
PER3025,22,91.30434783
PER3025,18,47.82608696
PER3025,20,63.04347826
GAV0004,48,16.66666667
GAV0004,58,44.73684211
GAV0004,21,71.15384615
GAV0004,19,64.35643564
GAV0004,65,81.81818182
GAV0004,22,40.94488189
GAV0004,46,17.64705882
GAV0004,57,0
GAV0004,18,67.62589928
GAV0004,20,58.57142857
GAV0004,52,83.33333333
GAV0004,60,45.45454545
GAV0004,40,25
GAV0004,63,47.82608696
GAV0004,34,59.09090909
GAV0004,69,100
GAV0004,61,100
GAV0005,48,36
GAV0005,58,20.68965517
GAV0005,21,81.17647059
GAV0005,19,59.49367089
GAV0005,65,93.33333333
GAV0005,22,36.19047619
GAV0005,46,28.57142857
GAV0005,44,0
GAV0005,18,52.71317829
GAV0005,20,62.93103448
GAV0005,52,53.84615385
GAV0005,60,68.75
GAV0005,40,21.42857143
GAV0005,63,53.33333333
GAV0005,34,40
GAV0005,69,93.33333333
GAV0005,61,66.66666667
GAV1013,45,72.91666667
GAV1013,49,29.16666667
GAV1013,62,90
GAV1013,22,77.16894977
GAV1013,21,66.50485437
GAV1013,50,91.66666667
GAV1013,19,61.95652174
GAV1013,46,47.82608696
GAV1013,20,66.49746193
GAV1013,44,18.18181818
GAV1013,18,69.84126984
GAV1013,35,58.33333333
GAV1013,64,95.83333333
GAV1013,29,91.66666667
GAV1013,41,29.78723404
GAV1013,56,91.66666667
GAV1013,68,87.5
GAV1013,48,91.66666667
GAV1013,40,91.66666667
GAV1013,61,85.71428571
GAV1013,23,62.5
GAV1013,52,96.42857143
CAM1012,58,73.33333333
CAM1012,22,65.625
CAM1012,18,87.5
CAM1012,21,90.625
CAM1012,40,62.5
CAM1012,19,82.8125
CAM1012,64,81.25
CAM1012,61,81.25
CAM1012,67,81.25
CAM1012,55,62.5
CAM1012,20,68.75
GAV1007,19,65.85365854
GAV1007,67,18.51851852
GAV1007,21,42.85714286
GAV1007,18,55.55555556
GAV1007,22,81.48148148
GAV1007,20,90.74074074
GAV1007,63,77.77777778
GAV1007,58,46.66666667
GAV1007,54,57.40740741
GAV1012,19,69.33333333
GAV1012,21,57.14285714
GAV1012,18,52
GAV1012,22,96
GAV1012,20,96
GAV1012,63,68
GAV1012,58,39.13043478
GAV1012,54,60
GAV1002,42,0
GAV1002,18,60.91205212
GAV1002,20,69.50146628
GAV1002,21,52.22222222
GAV1002,27,72
GAV1002,22,65.76086957
GAV1002,19,65
GAV1002,51,50
GAV1002,65,67.96116505
GAV1002,36,59.25925926
GAV1002,40,68
GAV1002,35,58.75
GAV1002,63,81.01265823
GAV1002,57,37.03703704
GAV1002,69,92.30769231
GAV1002,66,88.46153846
GAV1002,62,66.34615385
GAV1002,48,53.84615385
GAV1002,30,51.85185185
GAV1002,60,75.32467532
GAV1002,38,88.46153846
GAV1002,49,74.07407407
GAV1002,41,86.79245283
GAV1002,58,0
GAV1002,37,40.74074074
GAV1005,42,0
GAV1005,18,62.67605634
GAV1005,20,74.38423645
GAV1005,21,62.96296296
GAV1005,27,72.72727273
GAV1005,22,83.63636364
GAV1005,19,73.50746269
GAV1005,51,35.71428571
GAV1005,65,88.63636364
GAV1005,36,61.11111111
GAV1005,40,50
GAV1005,63,88
GAV1005,57,36.36363636
GAV1005,69,91.30434783
GAV1005,66,86.36363636
GAV1005,30,78.26086957
GAV1005,60,87.71929825
GAV1005,38,77.27272727
GAV1005,62,82.05128205
GAV1005,49,65.2173913
GAV1005,35,80.55555556
GAV1005,41,78.94736842
GAV1005,58,0
GAV1005,37,72.72727273
CIS1009,60,14.28571429
CIS1009,20,68
CIS1009,19,60.60606061
CIS1009,22,93.75
CIS1009,21,89.28571429
CIS1019,60,48.4375
CIS1019,21,75
CIS1019,20,61.81818182
CIS1019,22,71.15384615
CIS1019,48,31.42857143
CIS1019,27,52.94117647
CIS1019,19,79.5620438
CIS1019,50,97.10144928
MFP2007,22,57.14285714
MFP2007,18,69.04761905
GAV2010,20,76
GAV2010,55,80
GAV2010,18,36
GAV2010,21,84.31372549
GAV2010,23,80.76923077
GAV2010,67,88.46153846
GAV2010,19,88.46153846
GAV2010,47,100
GAV2010,22,100
GAV2038,20,93.58974359
GAV2038,55,100
GAV2038,18,50
GAV2038,21,75.47169811
GAV2038,23,92.30769231
GAV2038,67,96.15384615
GAV2038,19,96.15384615
GAV2038,47,96.15384615
GAV2038,22,84.61538462
CAM1009,19,84.375
CAM1009,61,63.26530612
CAM1009,18,81.25
CAM1009,20,64.04494382
CAM1009,22,91.66666667
CAM1009,21,74.19354839
CAM1009,49,91.66666667
CAM1009,60,75
CAM1009,59,20.83333333
CAM1009,62,41.66666667
CAM1009,55,87.5
CAM1009,44,88.88888889
CAM1009,66,88.88888889
CAM1009,41,68.75
CAM1016,19,97.61904762
CAM1016,61,76.92307692
CAM1016,18,100
CAM1016,20,97.22222222
CAM1016,22,100
CAM1016,21,97.91666667
CAM1016,49,100
CAM1016,59,83.33333333
CAM1016,62,91.66666667
CAM1016,55,100
CAM1016,44,78.57142857
CAM1016,66,92.85714286
CAM1016,41,100
GAV0001,22,60.46511628
GAV0001,59,68.18181818
GAV0001,20,36.36363636
GAV0001,37,38.0952381
GAV0001,19,45.45454545
GAV0001,21,48.11320755
GAV0001,18,68.96551724
GAV0001,28,80.95238095
GAV0002,22,37.71929825
GAV0002,59,52.63157895
GAV0002,20,55.26315789
GAV0002,37,63.15789474
GAV0002,19,44.73684211
GAV0002,50,68.42105263
GAV0002,21,47.25274725
GAV0002,18,54.54545455
GAV0002,53,42.10526316
GAV0002,28,68.42105263
GAV0002,69,5.263157895
CIS1005,21,55.55555556
CIS1005,20,47.11538462
CIS1005,22,73.61111111
CIS1005,48,11.11111111
CIS1005,27,61.11111111
CIS1005,19,66.66666667
CIS1005,50,100
CIS1005,60,88.88888889
GAV3008,18,100
GAV3008,44,100
GAV3008,20,100
CAM1022,58,0
CAM1022,22,90.47619048
CAM1022,67,63.63636364
CAM1022,62,0
CAM1022,18,72.09302326
CAM1022,19,90.56603774
CAM1022,42,25
CAM1022,20,71.42857143
CAM1022,34,100
CAM1022,44,90.47619048
CAM1022,49,76.19047619
CAM1022,52,90.47619048
CAM1018,58,0
CAM1018,22,78.94736842
CAM1018,67,57.89473684
CAM1018,18,70
CAM1018,19,82.52427184
CAM1018,20,63.15789474
CAM1018,34,95
CAM1018,44,90
CAM1018,49,85
CAM1018,52,80
CAM1020,22,100
CAM1020,67,100
CAM1020,18,76.19047619
CAM1020,19,92.98245614
CAM1020,20,90
CAM1020,34,100
CAM1020,44,100
CAM1020,49,100
CAM1020,52,100
GAV1001,19,61.26760563
GAV1001,22,73.7704918
GAV1001,35,0
GAV1001,18,71.62162162
GAV1001,62,53.06122449
GAV1001,48,72
GAV1001,20,75
GAV1001,65,88
GAV1001,21,80
GAV1001,41,92
GAV1001,51,96
GAV1001,66,88
CAM1031,22,84.90566038
CAM1031,19,47.22222222
CAM1031,29,91.66666667
CAM1031,18,75.51020408
CAM1031,20,45.83333333
CAM1031,26,91.30434783
CAM1031,21,73.23943662
GAV1033,21,72.07207207
GAV1033,18,87.83783784
GAV1033,19,48.7804878
GAV1033,20,54.41176471
GAV1033,45,33.33333333
GAV1033,68,76.19047619
GAV1033,48,65
GAV1033,22,49.25373134
GAV1033,40,60
GAV1033,52,81.48148148
VIS4068,21,100
CAM1036,19,66
CAM1036,21,100
CAM1036,20,92
CAM1036,54,96
CAM1036,45,52
CAM1036,18,96
CAM1036,22,95.83333333
CAM1035,19,66.66666667
CAM1035,21,100
CAM1035,20,93.75
CAM1035,54,91.66666667
CAM1035,45,62.5
CAM1035,18,83.33333333
CAM1035,22,100
CAM4016,62,0
CAM4016,20,100
CIS1020,19,100
